event_id,date,title,post_id,image_id,image_source,image_source_url,image_credit
CIOTD-000001,1848-01-01,,22778,22779,article_featured_image,,
CIOTD-000007,1975-01-02,,21179,21217,article_featured_image,,
CIOTD-000008,1831-01-03,,22778,22779,article_featured_image,,
CIOTD-000012,1994-01-04,,13322,16697,article_featured_image,,
CIOTD-000022,1915-01-09,,12569,17305,article_featured_image,,
CIOTD-000028,1935-01-11,,15199,15495,article_featured_image,,
CIOTD-000029,1966-01-11,Lal Bahadur Shastri dies in Tashkent,15024,15727,article_featured_image,,
CIOTD-000032,1863-01-12,,23267,23274,article_featured_image,,
CIOTD-000038,1761-01-14,,12510,17410,article_featured_image,,
CIOTD-000052,1565-01-23,,12434,24918,article_featured_image,,
CIOTD-000055,1950-01-24,,21815,21817,article_featured_image,,
CIOTD-000057,1966-01-24,,15101,15571,article_featured_image,,
CIOTD-000062,1950-01-26,,12622,17550,article_featured_image,,
CIOTD-000068,1948-01-30,,12616,17539,article_featured_image,,
CIOTD-000077,1922-02-04,Chauri Chaura incident reshapes the Non-Cooperation Movement,12581,17499,article_featured_image,,
CIOTD-000079,1933-02-05,,22381,22489,article_featured_image,,
CIOTD-000083,2022-02-06,,13220,17652,article_featured_image,,
CIOTD-000088,1963-02-10,,14975,15671,article_featured_image,,
CIOTD-000091,1968-02-11,,20781,20796,article_featured_image,,
CIOTD-000094,1911-02-13,,23612,23614,article_featured_image,,
CIOTD-000101,1823-02-18,,23098,23100,article_featured_image,,
CIOTD-000103,1630-02-19,,12460,19186,article_featured_image,,
CIOTD-000107,1969-02-23,,13366,16709,article_featured_image,,
CIOTD-000109,1739-02-24,,12498,17389,article_featured_image,,
CIOTD-000110,1826-02-24,,20251,20260,article_featured_image,,
CIOTD-000115,1928-02-28,,14965,15855,article_featured_image,,
CIOTD-000117,1904-02-29,,23405,23407,article_featured_image,,
CIOTD-000122,1839-03-03,,22390,22392,article_featured_image,,
CIOTD-000133,1930-03-12,,23966,24346,article_featured_image,,
CIOTD-000134,1944-03-12,,14974,15691,article_featured_image,,
CIOTD-000152,1916-03-21,,23409,23410,article_featured_image,,
CIOTD-000158,1953-03-23,,22376,22377,article_featured_image,,
CIOTD-000166,1849-03-29,,12530,17318,article_featured_image,,
CIOTD-000172,1972-03-31,,13204,17632,article_featured_image,,
CIOTD-000179,1903-04-03,,23074,23075,article_featured_image,,
CIOTD-000181,1829-04-04,,20268,20280,article_featured_image,,
CIOTD-000186,1930-04-06,,23966,24346,article_featured_image,,
CIOTD-000197,1919-04-13,,12575,17488,article_featured_image,,
CIOTD-000198,1973-04-13,,14106,16307,article_featured_image,,
CIOTD-000209,1930-04-18,,22012,22014,article_featured_image,,
CIOTD-000214,1526-04-21,,12421,24912,article_featured_image,,
CIOTD-000218,1858-04-23,,23104,23106,article_featured_image,,
CIOTD-000219,1891-04-23,,20305,20306,article_featured_image,,
CIOTD-000221,1992-04-23,,13377,16723,article_featured_image,,
CIOTD-000223,1973-04-24,,24091,24347,article_featured_image,,
CIOTD-000235,2020-04-29,,13677,17032,article_featured_image,,
CIOTD-000236,1870-04-30,Dadasaheb Phalke is born,11794,24544,article_featured_image,,
CIOTD-000237,2020-04-30,,14029,17245,article_featured_image,,
CIOTD-000247,1799-05-04,,12523,22617,article_featured_image,,
CIOTD-000256,1857-05-10,,12536,17441,article_featured_image,,
CIOTD-000259,1998-05-11,,12697,18126,article_featured_image,,
CIOTD-000265,1998-05-13,,12697,18126,article_featured_image,,
CIOTD-000273,1974-05-18,,12662,17323,article_featured_image,,
CIOTD-000275,1498-05-20,,12414,24909,article_featured_image,,
CIOTD-000284,1971-05-24,,15223,15225,article_featured_image,,
CIOTD-000288,2014-05-26,Narendra Modi is sworn in as Prime Minister of India,12724,17282,article_featured_image,,
CIOTD-000303,1924-06-04,,14995,15715,article_featured_image,,
CIOTD-000317,1897-06-11,,23592,23594,article_featured_image,,
CIOTD-000320,1937-06-13,,15311,18584,article_featured_image,,
CIOTD-000322,1515-06-15,,24990,25058,article_featured_image,,
CIOTD-000323,1943-06-15,,22475,22477,article_featured_image,,
CIOTD-000336,1757-06-23,,12504,17386,article_featured_image,,
CIOTD-000337,1953-06-23,,15167,15179,article_featured_image,,
CIOTD-000351,1857-06-30,,21996,21997,article_featured_image,,
CIOTD-000352,1986-06-30,,20482,20508,article_featured_image,,
CIOTD-000363,1857-07-07,,23230,23232,article_featured_image,,
CIOTD-000365,2021-07-07,,13106,16813,article_featured_image,,
CIOTD-000379,2004-07-15,,20715,20720,article_featured_image,,
CIOTD-000385,1969-07-19,Fourteen major commercial banks are nationalised,12647,18675,article_featured_image,,
CIOTD-000397,1945-07-24,,22407,22412,article_featured_image,,
CIOTD-000406,2015-07-27,A. P. J. Abdul Kalam dies,15218,15423,article_featured_image,,
CIOTD-000415,1980-07-31,,13280,17170,article_featured_image,,
CIOTD-000420,1929-08-04,Kishore Kumar is born,13312,16685,article_featured_image,,
CIOTD-000423,1871-08-07,,22062,22087,article_featured_image,,
CIOTD-000431,1942-08-08,,12597,17504,article_featured_image,,
CIOTD-000433,1925-08-09,,23592,23594,article_featured_image,,
CIOTD-000434,1942-08-09,,22480,22482,article_featured_image,,
CIOTD-000441,1908-08-11,,21778,21783,article_featured_image,,
CIOTD-000442,1765-08-12,East India Company receives the Diwani of Bengal,12446,18876,article_featured_image,,
CIOTD-000444,1947-08-14,,21002,21003,article_featured_image,,
CIOTD-000447,1947-08-15,,12609,17527,article_featured_image,,
CIOTD-000454,1934-08-18,,13751,16925,article_featured_image,,
CIOTD-000455,1945-08-18,,15000,15755,article_featured_image,,
CIOTD-000460,1915-08-21,,23617,23619,article_featured_image,,
CIOTD-000498,2019-09-07,,15394,18633,article_featured_image,,
CIOTD-000520,1942-09-20,,20415,22180,article_featured_image,,
CIOTD-000526,1861-09-24,,21771,21773,article_featured_image,,
CIOTD-000527,1873-09-24,,23114,23115,article_featured_image,,
CIOTD-000538,1932-09-29,,23607,23609,article_featured_image,,
CIOTD-000539,1942-09-29,,25331,21766,article_featured_image,,
CIOTD-000546,1904-10-02,Lal Bahadur Shastri is born,15024,15727,article_featured_image,,
CIOTD-000548,1857-10-04,Shyamji Krishna Varma is born,0,27057,Wikimedia Commons,https://commons.wikimedia.org/wiki/File:Shyamji_Krishna_Varma_1989_stamp_of_India.jpg,"India Post, Government of India / GODL-India via Wikimedia Commons"
CIOTD-000550,1893-10-06,Meghnad Saha is born,15096,15581,article_featured_image,,
CIOTD-000557,1964-10-10,,13443,16608,article_featured_image,,
CIOTD-000564,1987-10-13,,13312,16685,article_featured_image,,
CIOTD-000568,1931-10-15,,15218,15423,article_featured_image,,
CIOTD-000570,1905-10-16,,12556,17476,article_featured_image,,
CIOTD-000571,1917-10-17,,20318,20319,article_featured_image,,
CIOTD-000572,1932-10-17,,20353,20362,article_featured_image,,
CIOTD-000582,1764-10-22,,12517,22610,article_featured_image,,
CIOTD-000583,1900-10-22,,23933,24197,article_featured_image,,
CIOTD-000603,1858-11-01,,12543,22624,article_featured_image,,
CIOTD-000605,1948-11-01,,15030,15900,article_featured_image,,
CIOTD-000613,1556-11-05,,12427,24915,article_featured_image,,
CIOTD-000618,1875-11-07,,24101,24340,article_featured_image,,
CIOTD-000623,2016-11-08,,12730,17114,article_featured_image,,
CIOTD-000628,1675-11-11,,12480,18979,article_featured_image,,
CIOTD-000630,1896-11-12,Salim Ali is born,15261,18556,article_featured_image,,
CIOTD-000635,1891-11-14,,15257,18541,article_featured_image,,
CIOTD-000641,1962-11-16,,15157,15530,article_featured_image,,
CIOTD-000644,1962-11-17,,15150,15550,article_featured_image,,
CIOTD-000645,1962-11-18,Battle of Rezang La,14975,15671,article_featured_image,,
CIOTD-000649,1963-11-21,,15207,15479,article_featured_image,,
CIOTD-000657,1921-11-26,,22387,22498,article_featured_image,,
CIOTD-000658,1949-11-26,,12622,17550,article_featured_image,,
CIOTD-000659,2008-11-26,,12718,18044,article_featured_image,,
CIOTD-000682,1992-12-06,,12691,18597,article_featured_image,,
CIOTD-000692,1872-12-12,,20292,20293,article_featured_image,,
CIOTD-000697,1986-12-13,,13694,17044,article_featured_image,,
CIOTD-000699,1924-12-14,Raj Kapoor is born,13141,16841,article_featured_image,,
CIOTD-000706,1995-12-17,,15191,15194,article_featured_image,,
CIOTD-000708,1927-12-19,,23592,23594,article_featured_image,,
CIOTD-000709,1927-12-19,,23933,24197,article_featured_image,,
CIOTD-000727,2004-12-26,,12712,18066,article_featured_image,,
CIOTD-000731,1885-12-28,,12551,17463,article_featured_image,,
CIOTD-000732,1932-12-28,,22395,22400,article_featured_image,,
CIOTD-000735,1862-12-30,,20285,20287,article_featured_image,,
CIOTD-000736,1906-12-30,,12562,17295,article_featured_image,,
CIOTD-000740,1986-12-31,,20556,20557,article_featured_image,,
